,NO.1_8.775 m,NO.2_11.938 m,NO.3_25.605 m,NO.4_41.577 m,NO.5_50.306 m,NO.6_67.395 m,NO.7_86.914 m,NO.8_117.442 m,NO.9_122.818 m,NO.10_156.59 m,NO.11_161.876 m,NO.12_172.889 m,NO.13_177.694 m,NO.14_185.386 m,NO.15_198.421 m,NO.16_220.335 m,NO.17_228.408 m,NO.18_232.852 m,NO.19_242.032 m,NO.20_252.265 m,NO.21_272.728 m,NO.22_283.383 m,NO.23_288.7 m,NO.24_294.698 m,NO.25_296.425 m
2003-12-03 00:00:00,8.775,11.938,25.605,41.577,50.306,67.395,86.914,117.442,122.818,156.59,161.876,172.889,177.694,185.386,198.421,220.335,228.408,232.852,242.032,252.265,272.728,283.383,288.7,294.698,
2004-01-09 00:00:00,8.774,11.941,25.606,41.575,50.304,67.394,86.914,117.44,122.817,156.589,161.875,172.888,177.693,185.382,198.419,220.332,228.405,232.85,242.033,252.262,272.727,283.376,288.694,294.69,
2004-02-12 00:00:00,8.775,11.94,25.605,41.578,50.306,67.391,86.911,117.439,122.815,156.583,161.87,172.882,177.688,185.375,198.41,220.324,228.397,232.84,242.022,252.247,272.712,283.362,288.68,294.676,
2004-03-17 00:00:00,8.777,11.94,25.605,41.577,50.304,67.39,86.909,117.432,122.808,156.574,161.859,172.872,177.679,185.364,198.4,220.314,228.386,232.828,242.011,252.236,272.698,283.346,288.663,294.658,
2004-04-27 00:00:00,8.777,11.94,25.605,41.576,50.303,67.39,86.908,117.43,122.804,156.57,161.857,172.87,177.676,185.359,198.397,220.31,228.381,232.823,242.004,252.23,272.69,283.336,288.653,294.648,
2004-05-26 00:00:00,8.777,11.94,25.605,41.578,50.303,67.39,86.906,117.425,122.798,156.565,161.85,172.862,177.665,185.352,198.385,220.301,228.371,232.813,241.995,252.219,272.675,283.32,288.633,294.63,
2004-06-25 00:00:00,8.777,11.942,25.607,41.578,50.303,67.388,86.904,117.422,122.797,156.562,161.847,172.86,177.664,185.348,198.383,220.294,228.365,232.81,241.988,252.213,272.667,283.312,288.627,294.62,
2004-07-26 00:00:00,8.777,11.942,25.608,41.58,50.303,67.39,86.907,117.427,122.8,156.567,161.85,172.867,177.67,185.354,198.389,220.303,228.372,232.812,241.993,252.216,272.669,283.312,288.629,294.624,
2004-08-27 00:00:00,8.777,11.942,25.609,41.578,50.307,67.385,86.911,117.43,122.804,156.571,161.854,172.87,177.675,185.358,198.392,220.306,228.377,232.815,241.995,252.215,272.669,283.31,288.629,294.62,
2004-09-30 00:00:00,8.777,11.94,25.61,41.58,50.307,67.395,86.912,117.43,122.803,156.572,161.856,172.87,177.673,185.356,198.389,220.303,228.374,232.815,241.996,252.214,272.666,283.307,288.625,294.618,
2004-10-28 00:00:00,8.777,11.941,25.608,41.578,50.305,67.393,86.907,117.425,122.803,156.567,161.848,172.861,177.668,185.348,198.381,220.294,228.368,232.804,241.986,252.203,272.653,283.294,288.611,294.605,
2004-11-26 00:00:00,8.777,11.94,25.608,41.577,50.304,67.391,86.906,117.424,122.801,156.565,161.85,172.863,177.665,185.348,198.383,220.297,228.368,232.805,241.989,252.204,272.651,283.292,288.607,294.601,
2004-12-24 00:00:00,8.777,11.939,25.608,41.577,50.305,67.394,86.905,117.428,122.805,156.567,161.851,172.866,177.668,185.352,198.384,220.298,228.369,232.807,241.987,252.205,272.651,283.293,288.605,294.603,
2005-01-25 00:00:00,8.775,11.939,25.608,41.578,50.303,67.391,86.904,117.424,122.799,156.56,161.844,172.858,177.663,185.346,198.378,220.293,228.362,232.8,241.977,252.197,272.641,283.281,288.591,294.59,
2005-02-24 00:00:00,8.777,11.937,25.607,41.576,50.304,67.388,86.9,117.42,122.795,156.556,161.84,172.855,177.656,185.338,198.37,220.286,228.353,232.79,241.967,252.188,272.629,283.269,288.584,294.577,
2005-03-24 00:00:00,8.775,11.937,25.606,41.576,50.304,67.388,86.902,117.418,122.794,156.558,161.84,172.854,177.655,185.339,198.371,220.285,228.353,232.79,241.966,252.184,272.626,283.266,288.582,294.575,
2005-04-22 00:00:00,8.775,11.939,25.608,41.576,50.303,67.388,86.903,117.416,122.794,156.555,161.834,172.851,177.655,185.333,198.368,220.281,228.35,232.787,241.964,252.181,272.621,283.26,288.574,294.567,
2005-05-30 00:00:00,8.776,11.941,25.607,41.577,50.303,67.387,86.903,117.416,122.792,156.553,161.834,172.849,177.653,185.332,198.366,220.278,228.346,232.785,241.961,252.176,272.616,283.254,288.567,294.561,
2005-06-13 00:00:00,8.778,11.94,25.61,41.578,50.305,67.389,86.905,117.418,122.797,156.555,161.838,172.854,177.659,185.337,198.371,220.281,228.352,232.787,241.963,252.182,272.618,283.257,288.569,294.563,
2005-07-27 00:00:00,8.778,11.94,25.61,41.584,50.308,67.393,86.908,117.423,122.8,156.561,161.842,172.859,177.662,185.339,198.373,220.286,228.357,232.79,241.965,252.185,272.619,283.258,288.57,294.564,
2005-08-17 00:00:00,8.778,11.94,25.61,41.583,50.309,67.395,86.91,117.425,122.803,156.565,161.847,172.862,177.665,185.343,198.376,220.29,228.359,232.792,241.968,252.187,272.621,283.258,288.574,294.565,
2005-09-30 00:00:00,8.78,11.943,25.611,41.58,50.309,67.395,86.907,117.423,122.8,156.56,161.844,172.858,177.66,185.339,198.373,220.285,228.355,232.788,241.965,252.182,272.614,283.251,288.565,294.555,
2005-10-28 00:00:00,8.777,11.941,25.609,41.579,50.306,67.391,86.905,117.421,122.795,156.555,161.84,172.855,177.657,185.337,198.367,220.28,228.348,232.784,241.958,252.173,272.605,283.243,288.555,294.547,
2005-11-28 00:00:00,8.775,11.939,25.607,41.58,50.305,67.39,86.905,117.42,122.795,156.555,161.84,172.854,177.656,185.336,198.366,220.28,228.347,232.782,241.956,252.173,272.602,283.239,288.552,294.543,
2005-12-28 00:00:00,8.775,11.937,25.608,41.577,50.304,67.388,86.903,117.418,122.795,156.555,161.838,172.853,177.655,185.334,198.365,220.277,228.347,232.78,241.953,252.171,272.6,283.236,288.549,294.542,
2006-01-11 00:00:00,8.775,11.936,25.606,41.575,50.305,67.389,86.903,117.419,122.795,156.555,161.839,172.853,177.656,185.334,198.365,220.278,228.347,232.78,241.954,252.171,272.6,283.235,288.547,294.54,
2006-02-23 00:00:00,8.774,11.937,25.605,41.574,50.303,67.384,86.898,117.407,122.78,156.54,161.825,172.838,177.639,185.318,198.347,220.26,228.34,232.762,241.936,252.151,272.579,283.21,288.526,294.518,
2006-03-24 00:00:00,8.774,11.937,25.605,41.574,50.301,67.382,86.895,117.405,122.779,156.538,161.821,172.835,177.635,185.315,198.345,220.258,228.327,232.757,241.933,252.146,272.572,283.205,288.517,294.51,
2006-04-28 00:00:00,8.775,11.936,25.606,41.575,50.302,67.384,86.897,117.409,122.786,156.542,161.826,172.84,177.64,185.318,198.349,220.261,228.33,232.762,241.936,252.15,272.574,283.208,288.52,294.511,
2006-05-24 00:00:00,8.778,11.94,25.61,41.577,50.304,67.387,86.899,117.411,122.787,156.543,161.827,172.842,177.643,185.319,198.349,220.263,228.331,232.761,241.937,252.149,272.572,283.205,288.517,294.51,
2006-06-22 00:00:00,8.777,11.94,25.609,41.578,50.305,67.391,86.904,117.416,122.79,156.549,161.831,172.845,177.648,185.325,198.357,220.269,228.337,232.769,241.941,252.155,272.577,283.211,288.524,294.514,
2006-07-21 00:00:00,8.78,11.941,25.612,41.583,50.31,67.395,86.904,117.418,122.793,156.553,161.837,172.849,177.652,185.33,198.36,220.272,228.339,232.769,241.944,252.156,272.577,283.215,288.529,294.52,
2006-08-31 00:00:00,8.778,11.943,25.611,41.581,50.308,67.393,86.905,117.42,122.791,156.551,161.835,172.849,177.653,185.326,198.357,220.269,228.338,232.77,241.945,252.155,272.575,283.209,288.522,294.513,
2006-09-20 00:00:00,8.776,11.94,25.609,41.579,50.306,67.393,86.905,117.418,122.79,156.552,161.833,172.847,177.651,185.329,198.357,220.271,228.336,232.771,241.945,252.155,272.573,283.208,288.52,294.513,
2006-10-26 00:00:00,8.777,11.942,25.61,41.58,50.306,67.39,86.905,117.414,122.786,156.546,161.827,172.842,177.644,185.324,198.349,220.264,228.329,232.761,241.935,252.146,272.565,283.199,288.509,294.501,
2006-11-22 00:00:00,8.777,11.938,25.61,41.577,50.305,67.388,86.902,117.411,122.787,156.543,161.828,172.84,177.643,185.32,198.35,220.262,228.33,232.758,241.934,252.147,272.562,283.195,288.505,294.497,
2006-12-21 00:00:00,8.777,11.935,25.608,41.577,50.305,67.389,86.901,117.414,122.79,156.546,161.832,172.844,177.646,185.323,198.353,220.266,228.334,232.761,241.938,252.149,272.566,283.2,288.51,294.502,
2007-01-25 00:00:00,8.778,11.939,25.609,41.579,50.306,67.391,86.904,117.415,122.79,156.548,161.832,172.845,177.648,185.325,198.355,220.267,228.335,232.764,241.939,252.149,272.565,283.199,288.51,294.502,
2007-02-15 00:00:00,8.777,11.938,25.609,41.579,50.305,67.387,86.9,117.411,122.785,156.541,161.824,172.837,177.64,185.314,198.343,220.255,228.323,232.751,241.926,252.138,272.553,283.186,288.496,294.487,
2007-03-29 00:00:00,8.779,11.94,25.611,41.579,50.304,67.385,86.896,117.407,122.782,156.535,161.82,172.833,177.634,185.306,198.337,220.246,228.316,232.745,241.918,252.129,272.542,283.173,288.484,294.475,
2007-04-26 00:00:00,8.778,11.939,25.61,41.577,50.304,67.386,86.895,117.406,122.781,156.535,161.819,172.831,177.635,185.305,198.337,220.246,228.316,232.745,241.917,252.128,272.542,283.171,288.483,294.473,
2007-05-24 00:00:00,8.777,11.938,25.608,41.574,50.303,67.383,86.893,117.402,122.778,156.53,161.816,172.826,177.63,185.303,198.331,220.242,228.312,232.739,241.911,252.122,272.534,283.162,288.475,294.464,
2007-06-22 00:00:00,8.778,11.939,25.61,41.577,50.306,67.385,86.895,117.404,122.78,156.533,161.818,172.829,177.633,185.305,198.336,220.245,228.315,232.74,241.914,252.124,272.533,283.164,288.474,294.464,
2007-07-18 00:00:00,8.778,11.938,25.61,41.577,50.305,67.385,86.892,117.403,122.779,156.534,161.816,172.83,177.632,185.303,198.335,220.243,228.313,232.739,241.913,252.124,272.533,283.163,288.473,294.462,
2007-08-23 00:00:00,8.777,11.94,25.61,41.579,50.304,67.388,86.897,117.407,122.78,156.537,161.818,172.833,177.636,185.31,198.339,220.248,228.317,232.745,241.917,252.126,272.537,283.165,288.473,294.465,
2007-09-13 00:00:00,8.778,11.94,25.611,41.578,50.306,67.389,86.9,117.408,122.783,156.538,161.821,172.836,177.639,185.311,198.34,220.251,228.318,232.747,241.919,252.128,272.537,283.168,288.477,294.467,
2007-10-18 00:00:00,8.78,11.938,25.612,41.58,50.308,67.389,86.901,117.409,122.785,156.538,161.823,172.837,177.639,185.312,198.341,220.253,228.321,232.748,241.919,252.128,272.536,283.169,288.478,294.466,
2007-11-13 00:00:00,8.777,11.939,25.61,41.578,50.305,67.387,86.898,117.407,122.78,156.535,161.817,172.833,177.633,185.308,198.335,220.246,228.314,232.741,241.914,252.124,272.533,283.162,288.471,294.459,
2007-12-10 00:00:00,8.778,11.938,25.608,41.577,50.305,67.386,86.898,117.408,122.782,156.537,161.819,172.835,177.635,185.308,198.337,220.248,228.317,232.744,241.917,252.126,272.534,283.163,288.472,294.461,
2008-01-16 00:00:00,8.776,11.937,25.606,41.575,50.303,67.384,86.895,117.405,122.779,156.534,161.817,172.832,177.635,185.305,198.336,220.248,228.315,232.74,241.913,252.122,272.529,283.161,288.467,294.459,
2008-02-19 00:00:00,8.775,11.937,25.607,41.574,50.301,67.38,86.893,117.4,122.774,156.527,161.808,172.823,177.625,185.297,198.325,220.236,228.304,232.73,241.903,252.109,272.514,283.146,288.453,294.444,
2008-03-13 00:00:00,8.775,11.936,25.605,41.574,50.299,67.379,86.889,117.396,122.767,156.519,161.801,172.815,177.615,185.288,198.317,220.227,228.295,232.722,241.894,252.1,272.505,283.135,288.444,294.435,
2008-04-16 00:00:00,8.775,11.936,25.605,41.574,50.298,67.378,86.887,117.391,122.76,156.516,161.785,172.808,177.606,185.286,198.31,220.222,228.288,232.716,241.887,252.094,272.497,283.124,288.434,294.424,
2008-05-20 00:00:00,8.775,11.936,25.605,41.575,50.298,67.376,86.884,117.387,122.758,156.509,161.786,172.804,177.604,185.278,198.304,220.215,228.281,232.707,241.878,252.084,272.486,283.113,288.423,294.414,
2008-06-24 00:00:00,8.776,11.937,25.605,41.575,50.298,67.378,86.887,117.393,122.764,156.517,161.797,172.814,177.61,185.289,198.313,220.225,228.29,232.718,241.887,252.091,272.496,283.119,288.433,294.425,
2008-07-16 00:00:00,8.775,11.935,25.605,41.575,50.298,67.38,86.89,117.395,122.765,156.52,161.798,172.814,177.614,185.289,198.315,220.228,228.294,232.719,241.887,252.096,272.498,283.124,288.433,294.423,
2008-08-21 00:00:00,8.775,11.937,25.608,41.575,50.301,67.382,86.89,117.395,122.769,156.522,161.802,172.818,177.618,185.291,198.319,220.229,228.296,232.721,241.89,252.098,272.497,283.126,288.434,294.434,
2008-09-19 00:00:00,8.776,11.937,25.608,41.577,50.303,67.384,86.893,117.399,122.772,156.526,161.807,172.823,177.621,185.293,198.322,220.232,228.3,232.727,241.896,252.102,272.502,283.128,288.438,294.428,
2008-10-08 00:00:00,8.777,11.936,25.608,41.577,50.305,67.385,86.896,117.401,122.774,156.528,161.808,172.825,177.624,185.297,198.324,220.237,228.302,232.728,241.899,252.103,272.505,283.128,288.44,294.428,
2008-11-05 00:00:00,8.776,11.937,25.606,41.577,50.304,67.385,86.894,117.4,122.771,156.526,161.804,172.821,177.619,185.294,198.319,220.235,228.298,232.724,241.895,252.1,272.502,283.124,288.437,294.425,
2008-12-04 00:00:00,8.775,11.938,25.605,41.576,50.302,67.385,86.892,117.4,122.769,156.524,161.804,172.82,177.619,185.295,198.32,220.232,228.3,232.725,241.895,252.101,272.501,283.125,288.436,294.424,
2009-01-14 00:00:00,8.775,11.936,25.605,41.575,50.301,67.38,86.889,117.396,122.769,156.521,161.801,172.817,177.617,185.291,198.316,220.226,228.296,232.719,241.888,252.096,272.495,283.118,288.429,294.417,
2009-02-05 00:00:00,8.774,11.935,25.605,41.573,50.299,67.377,86.885,117.39,122.765,156.514,161.795,172.81,177.61,185.285,198.309,220.218,228.286,232.71,241.878,252.086,272.484,283.108,288.417,294.407,
2009-03-04 00:00:00,8.775,11.936,25.606,41.574,50.298,67.376,86.883,117.386,122.761,156.508,161.789,172.803,177.602,185.273,198.299,220.21,228.279,232.703,241.872,252.074,272.471,283.097,288.407,294.396,
2009-04-17 00:00:00,8.775,11.935,25.605,41.572,50.296,67.375,86.882,117.385,122.759,156.506,161.788,172.801,177.6,185.271,198.298,220.208,228.276,232.698,241.866,252.071,272.467,283.092,288.4,294.391,
2009-05-06 00:00:00,8.775,11.936,25.605,41.574,50.296,67.374,86.88,117.385,122.757,156.505,161.789,172.804,177.604,185.275,198.298,220.21,228.276,232.698,241.868,252.072,272.468,283.093,288.402,294.392,
2009-06-10 00:00:00,8.774,11.934,25.603,41.57,50.295,67.372,86.877,117.38,122.752,156.499,161.781,172.795,177.596,185.264,198.288,220.2,228.263,232.691,241.858,252.059,272.458,283.081,288.389,294.377,
2009-07-15 00:00:00,8.775,11.936,25.604,41.571,50.296,67.375,86.88,117.384,122.757,156.505,161.787,172.802,177.601,185.272,198.297,220.207,228.274,232.698,241.865,252.07,272.465,283.089,288.4,294.388,
2009-08-12 00:00:00,8.776,11.937,25.605,41.573,50.3,67.381,86.888,117.388,122.763,156.509,161.788,172.802,177.601,185.272,198.298,220.207,228.273,232.698,241.865,252.07,272.464,283.089,288.4,294.388,
2009-09-15 00:00:00,8.776,11.937,25.606,41.574,50.301,67.379,86.886,117.386,122.76,156.506,161.788,172.804,177.603,185.271,198.3,220.207,228.275,232.698,241.865,252.07,272.463,283.087,288.397,294.385,
2009-10-14 00:00:00,8.775,11.936,25.604,41.572,50.299,67.377,86.884,117.384,122.757,156.504,161.785,172.8,177.598,185.269,198.298,220.205,228.271,232.696,241.862,252.067,272.459,283.083,288.391,294.379,
2009-11-11 00:00:00,8.773,11.937,25.605,41.57,50.297,67.374,86.879,117.38,122.755,156.5,161.782,172.797,177.596,185.265,198.296,220.2,228.266,232.689,241.856,252.06,272.452,283.075,288.382,294.371,
2009-12-09 00:00:00,8.775,11.935,25.605,41.569,50.297,67.375,86.88,117.381,122.757,156.503,161.784,172.8,177.597,185.268,198.297,220.204,228.267,232.693,241.861,252.063,272.455,283.076,288.385,294.375,
2010-01-19 00:00:00,8.773,11.934,25.603,41.57,50.296,67.373,86.877,117.381,122.757,156.503,161.784,172.798,177.596,185.268,198.296,220.203,228.266,232.692,241.86,252.062,272.454,283.075,288.384,294.374,
2010-02-10 00:00:00,8.773,11.933,25.602,41.568,50.295,67.371,86.877,117.378,122.751,156.496,161.777,172.789,177.588,185.259,198.286,220.193,228.257,232.684,241.849,252.052,272.441,283.063,288.371,294.363,
2010-03-16 00:00:00,8.772,11.934,25.603,41.568,50.294,67.37,86.877,117.378,122.748,156.493,161.775,172.787,177.586,185.256,198.282,220.189,228.255,232.679,241.845,252.048,272.437,283.059,288.366,294.358,
2010-04-14 00:00:00,8.772,11.934,25.604,41.567,50.292,67.368,86.874,117.371,122.743,156.486,161.77,172.78,177.578,185.248,198.273,220.183,228.246,232.668,241.836,252.038,272.427,283.048,288.356,294.347,
2010-05-12 00:00:00,8.771,11.934,25.602,41.566,50.29,67.366,86.87,117.366,122.739,156.481,161.764,172.776,177.575,185.241,198.267,220.176,228.24,232.662,241.829,252.033,272.42,283.043,288.348,294.338,
2010-06-09 00:00:00,8.771,11.934,25.601,41.566,50.289,67.365,86.868,117.365,122.738,156.48,161.763,172.775,177.574,185.242,198.267,220.176,228.241,232.663,241.828,252.032,272.417,283.041,288.345,294.335,
2010-07-14 00:00:00,8.773,11.935,25.603,41.569,50.293,67.37,86.873,117.373,122.746,156.49,161.771,172.785,177.584,185.253,198.277,220.187,228.252,232.674,241.838,252.042,272.427,283.051,288.355,294.344,
2010-08-17 00:00:00,8.775,11.935,25.605,41.571,50.295,67.371,86.874,117.373,122.747,156.491,161.772,172.785,177.583,185.253,198.277,220.185,228.251,232.673,241.837,252.041,272.426,283.049,288.353,294.343,
2010-09-14 00:00:00,8.774,11.935,25.606,41.57,50.296,67.373,86.877,117.375,122.75,156.495,161.776,172.79,177.588,185.257,198.282,220.189,228.257,232.679,241.842,252.046,272.43,283.054,288.356,294.346,
2010-10-12 00:00:00,8.775,11.936,25.605,41.571,50.296,67.373,86.878,117.374,122.748,156.493,161.773,172.786,177.584,185.253,198.277,220.185,228.253,232.675,241.838,252.041,272.425,283.048,288.351,294.341,
2010-11-16 00:00:00,8.774,11.935,25.604,41.569,50.294,67.37,86.875,117.372,122.746,156.489,161.769,172.783,177.582,185.249,198.273,220.18,228.248,232.67,241.834,252.036,272.42,283.043,288.347,294.337,
2010-12-08 00:00:00,8.773,11.934,25.604,41.568,50.294,67.37,86.875,117.373,122.747,156.491,161.771,172.785,177.574,185.252,198.275,220.183,228.25,232.673,241.837,252.039,272.424,283.045,288.35,294.34,
2011-01-13 00:00:00,8.771,11.935,25.603,41.566,50.293,67.37,86.876,117.374,122.746,156.49,161.77,172.783,177.583,185.25,198.275,220.184,228.249,232.673,241.837,252.037,272.422,283.043,288.348,294.34,
2011-02-15 00:00:00,8.77,11.934,25.601,41.565,50.291,67.366,86.87,117.367,122.739,156.48,161.76,172.772,177.572,185.242,198.264,220.173,228.237,232.66,241.825,252.025,272.41,283.03,288.335,294.326,
2011-03-21 00:00:00,8.769,11.934,25.599,41.565,50.289,67.363,86.867,117.363,122.732,156.473,161.752,172.765,177.563,185.234,198.255,220.165,228.228,232.652,241.817,252.016,272.4,283.02,288.325,294.315,
2011-04-26 00:00:00,8.77,11.933,25.6,41.565,50.287,67.364,86.866,117.361,122.728,156.468,161.747,172.76,177.558,185.23,198.25,220.158,228.223,232.646,241.81,252.008,272.39,283.008,288.315,294.304,
2011-05-19 00:00:00,8.771,11.934,25.6,41.565,50.288,67.362,86.863,117.358,122.725,156.465,161.744,172.758,177.555,185.226,198.246,220.154,228.219,232.64,241.804,252.001,272.383,283.001,288.308,294.297,
2011-06-28 00:00:00,8.771,11.934,25.601,41.566,50.287,67.362,86.864,117.357,122.726,156.465,161.744,172.757,177.554,185.226,198.246,220.155,228.218,232.639,241.803,252,272.382,282.999,288.306,294.295,
2011-07-26 00:00:00,8.773,11.936,25.604,41.568,50.289,67.365,86.867,117.361,122.729,156.47,161.749,172.762,177.56,185.232,198.251,220.159,228.222,232.644,241.808,252.004,272.386,283.003,288.31,294.298,
2011-08-24 00:00:00,8.774,11.934,25.604,41.57,50.289,67.363,86.866,117.358,122.73,156.468,161.751,172.764,177.562,185.23,198.249,220.156,228.22,232.64,241.803,252.001,272.382,283,288.308,294.295,
2011-09-20 00:00:00,8.773,11.934,25.603,41.568,50.289,67.363,86.865,117.36,122.729,156.47,161.75,172.763,177.562,185.228,198.249,220.158,228.222,232.64,241.804,252.002,272.38,283.001,288.305,294.292,
2011-10-18 00:00:00,8.773,11.932,25.601,41.565,50.287,67.358,86.862,117.356,122.726,156.464,161.743,172.76,177.558,185.221,198.244,220.151,228.215,232.632,241.797,251.996,272.375,282.995,288.298,294.285,
2011-11-18 00:00:00,8.774,11.931,25.601,41.565,50.287,67.357,86.864,117.354,122.728,156.465,161.747,172.761,177.56,185.224,198.247,220.153,228.218,232.636,241.8,251.998,272.377,282.997,288.3,294.286,
2011-12-20 00:00:00,8.773,11.933,25.6,41.567,50.288,67.36,86.866,117.358,122.733,156.471,161.755,172.768,177.566,185.231,198.254,220.161,228.226,232.645,241.808,252.005,272.387,283.003,288.306,294.292,
2012-01-12 00:00:00,8.772,11.933,25.598,41.565,50.286,67.36,86.865,117.358,122.732,156.472,161.754,172.766,177.564,185.229,198.252,220.159,228.224,232.643,241.807,252.004,272.385,283.001,288.304,294.29,
2012-02-21 00:00:00,8.771,11.933,25.597,41.563,50.285,67.359,86.863,117.354,122.727,156.465,161.744,172.756,177.547,185.218,198.241,220.147,228.213,232.632,241.797,251.993,272.373,282.99,288.292,294.278,
2014-04-23 00:00:00,8.771,11.933,25.597,41.562,50.28,,86.855,117.338,122.709,156.438,,172.729,,185.188,198.21,220.117,,232.597,241.76,251.953,272.313,282.934,288.231,294.223,
2014-05-07 00:00:00,8.771,11.934,25.597,41.561,50.282,,86.852,117.336,122.71,156.439,,172.731,,185.188,198.211,220.113,228.18,232.6,241.757,251.949,272.315,282.931,288.235,294.222,
2014-06-17 00:00:00,8.774,11.935,25.6,41.564,50.285,67.356,86.855,117.345,122.719,156.45,161.734,172.743,177.538,185.203,198.222,220.131,228.19,232.61,241.773,251.962,272.329,282.944,288.251,294.228,
2014-07-15 00:00:00,8.774,11.937,25.6,41.564,50.285,67.357,86.856,117.344,122.716,156.447,161.73,172.74,177.537,185.202,198.22,220.126,228.191,232.607,241.77,251.959,272.325,282.942,288.24,294.225,
2014-08-13 00:00:00,8.773,11.935,25.6,41.564,50.286,67.356,86.857,117.345,122.717,156.449,161.732,172.741,177.539,185.202,198.221,220.127,228.192,232.61,241.77,251.962,272.325,282.941,288.239,294.224,
2014-09-01 00:00:00,8.774,11.939,25.602,41.565,50.288,67.358,86.857,117.345,122.718,156.449,161.731,172.742,177.54,185.203,198.222,220.127,228.192,232.611,241.77,251.963,272.326,282.942,288.241,294.225,
2014-10-15 00:00:00,8.774,11.939,25.601,41.564,50.286,67.356,86.854,117.341,122.713,156.443,161.725,172.735,177.533,185.194,198.212,220.116,228.182,232.6,241.756,251.95,272.314,282.927,288.234,294.221,
2014-11-21 00:00:00,8.773,11.939,25.599,41.561,50.283,67.352,86.854,117.339,122.711,156.441,161.722,172.732,177.53,185.192,198.21,220.115,228.18,232.595,241.753,251.95,272.311,282.928,288.231,294.22,
2014-12-04 00:00:00,8.77,11.935,25.596,41.56,50.283,67.354,86.854,117.341,122.712,156.442,161.723,172.733,177.532,185.193,198.213,220.119,228.181,232.598,241.756,251.953,272.314,282.925,288.233,294.215,
2015-01-12 00:00:00,8.769,11.931,25.596,41.56,50.283,67.353,86.853,117.341,122.713,156.443,161.724,172.735,177.533,185.195,198.215,220.119,228.182,232.599,241.757,251.953,272.316,282.928,288.236,294.217,
2015-02-09 00:00:00,8.768,11.93,25.596,41.558,50.28,67.348,86.848,117.334,122.704,156.433,161.714,172.725,177.522,185.183,198.203,220.108,228.169,232.587,241.744,251.938,272.3,282.917,288.221,294.205,
2015-03-19 00:00:00,8.769,11.931,25.595,41.557,50.278,67.347,86.845,117.328,122.699,156.426,161.708,172.716,177.512,185.175,198.193,220.097,228.162,232.578,241.736,251.926,272.292,282.905,288.21,294.195,
2015-04-24 00:00:00,8.769,11.93,25.596,41.556,50.279,67.345,86.842,117.323,122.697,156.421,161.702,172.713,177.511,185.172,198.188,220.095,228.158,232.574,241.733,251.923,272.285,282.898,288.202,294.187,
2015-05-15 00:00:00,8.769,11.931,25.595,41.556,50.277,67.343,86.84,117.322,122.695,156.419,161.698,172.709,177.506,185.167,198.185,220.09,228.151,232.569,241.727,251.919,272.28,282.892,288.197,294.178,
2015-06-12 00:00:00,8.771,11.936,25.596,41.558,50.278,67.347,86.846,117.327,122.699,156.425,161.706,172.715,177.509,185.173,198.191,220.096,228.159,232.577,241.734,251.926,272.287,282.9,288.206,294.184,
2015-07-10 00:00:00,8.771,11.935,25.596,41.558,50.279,67.347,86.844,117.326,122.699,156.422,161.707,172.717,177.513,185.175,198.195,220.098,228.159,232.581,241.735,251.929,272.29,282.902,288.205,294.187,
2015-08-19 00:00:00,8.771,11.935,25.597,41.559,50.278,67.348,86.848,117.329,122.701,156.426,161.709,172.719,177.516,185.178,198.195,220.101,228.163,232.58,241.737,251.928,272.284,282.903,288.207,294.19,
2015-09-22 00:00:00,8.772,11.936,25.597,41.56,50.279,67.35,86.848,117.33,122.702,156.429,161.71,172.72,177.517,185.18,198.196,220.102,228.165,232.581,241.737,251.93,272.286,282.905,288.207,294.192,
2015-10-13 00:00:00,8.772,11.935,25.598,41.56,50.281,67.349,86.846,117.332,122.704,156.432,161.714,172.722,177.52,185.182,198.198,220.103,228.167,232.585,241.74,251.934,272.291,282.905,288.206,294.194,
2015-11-10 00:00:00,8.773,11.935,25.598,41.56,50.281,67.35,86.847,117.331,122.703,156.43,161.712,172.721,177.518,185.179,198.196,220.1,228.165,232.582,241.738,251.93,272.287,282.9,288.205,294.191,
2015-12-16 00:00:00,8.772,11.934,25.596,41.558,50.28,67.349,86.845,117.331,122.704,156.432,161.712,172.723,177.52,185.182,198.198,220.103,228.169,232.584,241.743,251.935,272.29,282.902,288.209,294.195,
2016-01-11 00:00:00,8.771,11.933,25.596,41.561,50.281,67.348,86.85,117.333,122.707,156.434,161.715,172.726,177.523,185.183,198.201,220.108,228.172,232.588,241.747,251.938,272.293,282.906,288.212,294.197,
2016-02-23 00:00:00,8.771,11.935,25.595,41.56,50.279,67.346,86.848,117.328,122.699,156.425,161.707,172.717,177.514,185.174,198.192,220.098,228.16,232.578,241.735,251.925,272.28,282.894,288.198,294.184,
2016-03-14 00:00:00,8.771,11.935,25.595,41.557,50.278,67.343,86.844,117.324,122.698,156.423,161.706,172.714,177.511,185.173,198.188,220.094,228.157,232.576,241.731,251.923,272.275,282.889,288.195,294.18,
2016-04-19 00:00:00,8.771,11.934,25.596,41.556,50.279,67.345,86.847,117.328,122.702,156.428,161.711,172.718,177.516,185.178,198.193,220.098,228.162,232.581,241.736,251.927,272.278,282.894,288.197,294.185,
2016-06-15 00:00:00,8.771,11.935,25.596,41.555,50.278,67.345,86.844,117.324,122.696,156.42,161.702,172.709,177.506,185.166,198.182,220.087,228.151,232.569,241.726,251.917,272.268,282.885,288.188,294.175,
2016-07-06 00:00:00,8.772,11.935,25.596,41.557,50.278,67.346,86.845,117.325,122.695,156.42,161.702,172.71,177.506,185.167,198.183,220.089,228.151,232.569,241.728,251.917,272.268,282.884,288.186,294.171,
2016-08-15 00:00:00,8.772,11.935,25.597,41.559,50.279,67.349,86.846,117.327,122.696,156.422,161.702,172.712,177.509,185.171,198.188,220.091,228.154,232.571,241.728,251.919,272.268,282.887,288.188,294.172,
2016-09-23 00:00:00,8.772,11.936,25.598,41.56,50.281,67.349,86.848,117.329,122.698,156.425,161.707,172.718,177.515,185.177,198.192,220.097,228.16,232.577,241.732,251.923,272.271,282.889,288.189,294.174,
2016-10-12 00:00:00,8.772,11.936,25.598,41.559,50.281,67.349,86.847,117.33,122.703,156.428,161.709,172.719,177.517,185.178,198.194,220.099,228.162,232.579,241.734,251.927,272.274,282.89,288.195,294.18,
2016-11-12 00:00:00,8.772,11.936,25.598,41.559,50.281,67.349,86.847,117.329,122.7,156.424,161.706,172.717,177.513,185.173,198.19,220.094,228.157,232.575,241.73,251.921,272.271,282.885,288.191,294.175,
2016-12-06 00:00:00,8.771,11.935,25.596,41.558,50.28,67.348,86.846,117.332,122.703,156.427,161.709,172.72,177.517,185.177,198.193,220.098,228.161,232.577,241.734,251.925,272.276,282.892,288.188,294.172,
2017-01-17 00:00:00,8.771,11.934,25.597,41.559,50.279,67.348,86.847,117.329,122.699,156.422,161.705,172.715,177.51,185.171,198.189,220.095,228.158,232.572,241.73,251.92,272.272,282.888,288.188,294.172,296.425
2017-02-08 00:00:00,8.771,11.935,25.597,41.558,50.277,67.345,86.843,117.323,122.691,156.416,161.698,172.707,177.502,185.163,198.179,220.086,228.147,232.562,241.719,251.91,272.258,282.878,288.176,294.162,296.411
2017-03-08 00:00:00,8.771,11.935,25.596,41.559,50.275,67.342,86.838,117.317,122.687,156.41,161.691,172.699,177.496,185.156,198.171,220.076,228.138,232.554,241.712,251.899,272.246,282.863,288.16,294.147,296.399
2017-04-17 00:00:00,8.771,11.934,25.597,41.556,50.275,67.343,86.838,117.315,122.685,156.407,161.687,172.697,177.493,185.153,198.169,220.073,228.134,232.552,241.708,251.896,272.247,282.861,288.162,294.148,296.398
2017-05-18 00:00:00,8.77,11.934,25.595,41.555,50.274,67.338,86.833,117.31,122.681,156.401,161.681,172.691,177.486,185.145,198.163,220.065,228.129,232.544,241.701,251.889,272.238,282.852,288.154,294.139,296.39
2017-06-14 00:00:00,8.77,11.934,25.595,41.556,50.276,67.34,86.837,117.314,122.684,156.407,161.688,172.699,177.494,185.153,198.17,220.072,228.137,232.551,241.707,251.897,272.245,282.859,288.16,294.145,296.397
2017-07-18 00:00:00,8.768,11.932,25.593,41.553,50.274,67.341,86.839,117.318,122.689,156.412,161.694,172.703,177.498,185.159,198.175,220.08,228.142,232.559,241.713,251.903,272.252,282.865,288.169,294.153,296.403
2017-08-02 00:00:00,8.768,11.932,25.595,41.556,50.276,67.342,86.839,117.318,122.689,156.412,161.694,172.703,177.5,185.16,198.175,220.081,228.142,232.558,241.713,251.904,272.252,282.867,288.167,294.151,296.403
2017-09-10 00:00:00,8.768,11.932,25.594,41.556,50.274,67.34,86.835,117.32,122.689,156.414,161.695,172.705,177.502,185.16,198.178,220.08,228.144,232.559,241.716,251.905,272.254,282.868,288.17,294.155,296.406
2017-10-06 00:00:00,8.767,11.932,25.592,41.552,50.271,67.337,86.832,117.314,122.683,156.406,161.687,172.696,177.491,185.152,198.168,220.073,228.135,232.552,241.706,251.894,272.245,282.858,288.159,294.143,296.395
2017-11-02 00:00:00,8.765,11.93,25.591,41.552,50.271,67.335,86.831,117.314,122.682,156.405,161.686,172.696,177.491,185.148,198.167,220.069,228.134,232.549,241.705,251.893,272.241,282.856,288.157,294.141,296.392
2017-12-21 00:00:00,8.764,11.927,25.592,41.552,50.272,67.336,86.834,117.318,122.686,156.41,161.692,172.702,177.497,185.156,198.173,220.077,228.14,232.556,241.709,251.898,272.247,282.862,288.163,294.147,296.399
2018-01-11 00:00:00,8.764,11.927,25.591,41.553,50.272,67.335,86.834,117.319,122.687,156.411,161.694,172.702,177.497,185.156,198.174,220.08,228.142,232.558,241.712,251.901,272.249,282.864,288.162,294.147,296.399
2018-02-06 00:00:00,8.763,11.926,25.59,41.551,50.27,67.334,86.832,117.313,122.683,156.405,161.687,172.696,177.492,185.151,198.167,220.072,228.135,232.55,241.705,251.893,272.241,282.855,288.156,294.143,296.394
2018-03-13 00:00:00,8.763,11.925,25.589,41.549,50.267,67.33,86.826,117.307,122.675,156.397,161.678,172.687,177.483,185.14,198.157,220.062,228.124,232.54,241.695,251.883,272.23,282.845,288.145,294.129,296.379
2018-04-10 00:00:00,8.763,11.927,25.589,41.549,50.267,67.328,86.822,117.301,122.67,156.392,161.673,172.682,177.477,185.135,198.15,220.055,228.117,232.531,241.686,251.874,272.221,282.835,288.135,294.12,296.371
2018-05-08 00:00:00,8.763,11.925,25.59,41.548,50.265,67.326,86.821,117.299,122.667,156.387,161.666,172.675,177.469,185.127,198.143,220.048,228.111,232.525,241.68,251.868,272.214,282.827,288.127,294.113,296.364
2018-06-20 00:00:00,8.764,11.926,25.59,41.548,50.265,67.324,86.818,117.298,122.666,156.385,161.664,172.674,177.469,185.127,198.142,220.044,228.106,232.521,241.674,251.864,272.208,282.822,288.12,294.105,296.357
2018-07-16 00:00:00,8.767,11.93,25.591,41.551,50.268,67.329,86.824,117.304,122.674,156.393,161.673,172.683,177.477,185.137,198.151,220.045,228.117,232.533,241.685,251.874,272.22,282.834,288.132,294.118,296.369
2018-08-06 00:00:00,8.765,11.93,25.59,41.551,50.266,67.33,86.825,117.306,122.671,156.392,161.671,172.681,177.475,185.133,198.15,220.051,228.115,232.529,241.683,251.871,272.215,282.831,288.129,294.115,296.365
2018-09-04 00:00:00,8.765,11.929,25.591,41.551,50.269,67.333,86.826,117.307,122.675,156.397,161.677,172.687,177.482,185.14,198.155,220.059,228.121,232.535,241.689,251.878,272.222,282.836,288.135,294.12,296.371
2018-10-02 00:00:00,8.765,11.928,25.591,41.55,50.267,67.331,86.825,117.305,122.671,156.391,161.671,172.678,177.474,185.133,198.146,220.052,228.112,232.525,241.681,251.867,272.214,282.827,288.126,294.109,296.362
2018-11-16 00:00:00,8.764,11.926,25.589,41.549,50.264,67.329,86.823,117.302,122.669,156.388,161.67,172.677,177.472,185.13,198.146,220.049,228.11,232.524,241.678,251.866,272.213,282.825,288.123,294.108,296.359
2018-12-07 00:00:00,8.764,11.926,25.59,41.55,50.266,67.33,86.824,117.304,122.672,156.392,161.674,172.681,177.477,185.134,198.15,220.054,228.116,232.53,241.685,251.872,272.217,282.83,288.129,294.115,296.364
2019-01-09 00:00:00,8.765,11.929,25.59,41.549,50.266,67.328,86.821,117.303,122.671,156.391,161.672,172.681,177.478,185.134,198.15,220.054,228.117,232.531,241.685,251.872,272.216,282.83,288.128,294.114,296.363
2019-02-11 00:00:00,8.766,11.928,25.589,41.547,50.264,67.323,86.816,117.294,122.661,156.38,161.661,172.67,177.464,185.122,198.137,220.041,228.102,232.517,241.67,251.857,272.201,282.813,288.113,294.099,296.348
2019-03-05 00:00:00,8.765,11.925,25.588,41.547,50.263,67.321,86.814,117.292,122.662,156.378,161.659,172.667,177.462,185.119,198.135,220.038,228.099,232.513,241.666,251.853,272.197,282.809,288.11,294.094,296.344
2019-04-10 00:00:00,8.764,11.926,25.589,41.547,50.264,67.324,86.813,117.292,122.661,156.378,161.657,172.666,177.461,185.118,198.133,220.035,228.096,232.513,241.666,251.853,272.195,282.808,288.106,294.091,296.342
2019-05-06 00:00:00,8.763,11.927,25.59,41.548,50.265,67.323,86.816,117.296,122.663,156.382,161.661,172.67,177.465,185.12,198.136,220.039,228.101,232.516,241.668,251.855,272.197,282.809,288.108,294.094,296.344
2019-06-11 00:00:00,8.765,11.928,25.59,41.55,50.267,67.326,86.82,117.3,122.667,156.386,161.665,172.674,177.47,185.126,198.141,220.045,228.107,232.519,241.673,251.857,272.2,282.812,288.113,294.099,296.348
2019-07-03 00:00:00,8.764,11.927,25.59,41.55,50.267,67.33,86.824,117.303,122.671,156.39,161.669,172.68,177.474,185.133,198.148,220.052,228.112,232.527,241.68,251.867,272.211,282.823,288.12,294.106,296.357
2019-08-06 00:00:00,8.765,11.928,25.59,41.549,50.268,67.332,86.824,117.303,122.67,156.39,161.67,172.679,177.474,185.134,198.146,220.051,228.113,232.526,241.681,251.865,272.208,282.822,288.122,294.106,296.357
2019-09-03 00:00:00,8.766,11.928,25.59,41.551,50.269,67.334,86.827,117.307,122.674,156.397,161.676,172.684,177.479,185.138,198.152,220.057,228.118,232.533,241.686,251.87,272.214,282.828,288.128,294.112,296.364
2019-10-07 00:00:00,8.764,11.927,25.59,41.55,50.268,67.329,86.823,117.302,122.668,156.389,161.669,172.678,177.471,185.13,198.145,220.048,228.11,232.525,241.678,251.863,272.207,282.82,288.118,294.104,296.354
2019-11-06 00:00:00,8.765,11.926,25.589,41.55,50.266,67.327,86.819,117.297,122.665,156.385,161.666,172.673,177.468,185.126,198.14,220.043,228.105,232.52,241.672,251.858,272.202,282.815,288.113,294.097,296.348
2019-12-11 00:00:00,8.763,11.924,25.589,41.547,50.267,67.328,86.82,117.3,122.669,156.387,161.669,172.677,177.471,185.129,198.145,220.048,228.11,232.523,241.675,251.862,272.205,282.816,288.116,294.101,296.351
2020-01-14 00:00:00,8.763,11.924,25.589,41.548,50.267,67.328,86.82,117.301,122.67,156.389,161.67,172.679,177.475,185.131,198.146,220.05,228.111,232.526,241.678,251.865,272.206,282.818,288.118,294.103,296.353
2020-02-06 00:00:00,8.763,11.925,25.589,41.547,50.265,67.323,86.816,117.296,122.664,156.382,161.662,172.672,177.467,185.122,198.137,220.041,228.102,232.516,241.67,251.856,272.197,282.81,288.109,294.094,296.343
2020-03-04 00:00:00,8.762,11.924,25.588,41.546,50.263,67.322,86.815,117.293,122.661,156.375,161.656,172.664,177.459,185.115,198.13,220.033,228.094,232.509,241.663,251.848,272.188,282.801,288.1,294.083,296.332
2020-04-21 00:00:00,8.763,11.925,25.588,41.545,50.262,67.321,86.813,117.29,122.657,156.371,161.652,172.659,177.455,185.111,198.125,220.028,228.087,232.504,241.653,251.841,272.179,282.791,288.089,294.074,296.324
2020-05-05 00:00:00,8.764,11.925,25.588,41.545,50.261,67.32,86.811,117.287,122.654,156.368,161.648,172.653,177.448,185.107,198.122,220.022,228.084,232.498,241.649,251.835,272.173,282.788,288.084,294.069,296.321
2020-06-11 00:00:00,8.764,11.926,25.59,41.547,50.264,67.322,86.813,117.291,122.659,156.375,161.653,172.661,177.458,185.115,198.131,220.03,228.093,232.505,241.658,251.843,272.183,282.796,288.094,294.078,296.329
2020-07-07 00:00:00,8.765,11.927,25.591,41.551,50.266,67.325,86.818,117.295,122.66,156.379,161.656,172.666,177.459,185.118,198.133,220.037,228.095,232.511,241.665,251.848,272.186,282.799,288.098,294.083,296.332
2020-08-04 00:00:00,8.764,11.928,25.591,41.551,50.267,67.325,86.816,117.295,122.66,156.376,161.656,172.665,177.459,185.116,198.131,220.032,228.093,232.506,241.659,251.843,272.182,282.793,288.094,294.077,296.326
2020-09-09 00:00:00,8.765,11.928,25.589,41.548,50.266,67.324,86.817,117.295,122.663,156.38,161.66,172.669,177.462,185.12,198.134,220.036,228.098,232.511,241.664,251.849,272.189,282.8,288.1,294.084,296.335
2020-10-14 00:00:00,8.766,11.926,25.589,41.547,50.264,67.321,86.813,117.289,122.656,156.371,161.649,172.658,177.451,185.111,198.123,220.026,228.087,232.501,241.652,251.838,272.177,282.789,288.088,294.072,296.321
2020-11-09 00:00:00,8.766,11.927,25.59,41.547,50.264,67.322,86.813,117.29,122.659,156.372,161.652,172.66,177.453,185.112,198.124,220.027,228.088,232.501,241.651,251.837,272.176,282.787,288.085,294.07,296.319
2020-12-11 00:00:00,8.762,11.927,25.589,41.547,50.264,67.321,86.809,117.291,122.659,156.373,161.654,172.662,177.458,185.114,198.127,220.03,228.09,232.504,241.655,251.84,272.179,282.79,288.089,294.074,296.322
2021-01-13 00:00:00,8.762,11.926,25.587,41.546,50.263,67.319,86.81,117.29,122.66,156.375,161.656,172.664,177.46,185.114,198.129,220.029,228.092,232.505,241.657,251.842,272.182,282.793,288.088,294.075,296.324
2021-02-18 00:00:00,8.761,11.925,25.587,41.545,50.262,67.319,86.809,117.288,122.652,156.365,161.643,172.652,177.447,185.104,198.117,220.018,228.079,232.492,241.642,251.828,272.166,282.778,288.075,294.06,296.307
2021-03-10 00:00:00,8.76,11.926,25.587,41.544,50.259,67.315,86.807,117.284,122.647,156.357,161.636,172.644,177.438,185.095,198.106,220.008,228.068,232.482,241.633,251.818,272.157,282.768,288.066,294.048,296.298
2021-04-07 00:00:00,8.761,11.924,25.586,41.542,50.258,67.312,86.803,117.274,122.644,156.351,161.632,172.639,177.432,185.089,198.1,220.004,228.062,232.476,241.626,251.81,272.148,282.759,288.056,294.04,296.289
2021-05-04 00:00:00,8.763,11.924,25.586,41.54,50.256,67.31,86.799,117.272,122.637,156.348,161.624,172.632,177.426,185.082,198.093,219.996,228.055,232.47,241.62,251.804,272.141,282.751,288.05,294.032,296.283
2021-06-03 00:00:00,8.764,11.927,25.588,41.542,50.256,67.309,86.796,117.268,122.634,156.343,161.619,172.626,177.421,185.075,198.086,219.988,228.046,232.462,241.611,251.795,272.131,282.742,288.04,294.022,296.272
2021-07-02 00:00:00,8.764,11.928,25.587,41.545,50.257,67.314,86.805,117.274,122.638,156.353,161.631,172.638,177.43,185.09,198.1,220.003,228.063,232.473,241.626,251.81,272.143,282.757,288.054,294.033,296.284
2021-08-03 00:00:00,8.765,11.928,25.587,41.543,50.258,67.313,86.803,117.274,122.643,156.354,161.633,172.64,177.435,185.092,198.102,220.005,228.064,232.477,241.628,251.811,272.146,282.76,288.055,294.04,296.289
2021-09-10 00:00:00,8.764,11.927,25.587,41.544,50.259,67.315,86.805,117.276,122.643,156.356,161.634,172.641,177.435,185.091,198.103,220.005,228.064,232.478,241.629,251.812,272.147,282.76,288.056,294.04,296.289
2021-10-07 00:00:00,8.764,11.926,25.588,41.544,50.258,67.313,86.801,117.274,122.64,156.355,161.629,172.636,177.43,185.087,198.097,219.998,228.059,232.473,241.626,251.807,272.141,282.753,288.053,294.037,296.287
2021-11-04 00:00:00,8.764,11.927,25.587,41.542,50.257,67.313,86.8,117.271,122.637,156.35,161.627,172.634,177.427,185.084,198.094,219.996,228.057,232.47,241.621,251.803,272.139,282.75,288.047,294.03,296.281
